,Anomalous Temp
1979-01-01,-1.526519775390625
1979-01-02,-0.8016357421875
1979-01-03,-0.375030517578125
1979-01-04,-1.5579833984375
1979-01-05,-1.6329345703125
1979-01-06,-0.52777099609375
1979-01-07,-0.48492431640625
1979-01-08,-2.050048828125
1979-01-09,-1.3154296875
1979-01-10,-1.1517333984375
1979-01-11,-1.40435791015625
1979-01-12,0.5623779296875
1979-01-13,1.506622314453125
1979-01-14,4.0762939453125
1979-01-15,2.3619384765625
1979-01-16,4.5413818359375
1979-01-17,0.5447998046875
1979-01-18,0.13568115234375
1979-01-19,0.2415771484375
1979-01-20,-0.5218505859375
1979-01-21,0.3375244140625
1979-01-22,-3.133087158203125
1979-01-23,-1.5498046875
1979-01-24,-2.357635498046875
1979-01-25,3.2122802734375
1979-01-26,1.7030029296875
1979-01-27,1.6435546875
1979-01-28,2.998382568359375
1979-01-29,-0.5478515625
1979-01-30,-3.23944091796875
1979-01-31,-3.361053466796875
1979-02-01,-2.789764404296875
1979-02-02,-4.207672119140625
1979-02-03,-3.95025634765625
1979-02-04,-4.893829345703125
1979-02-05,0.474761962890625
1979-02-06,0.432464599609375
1979-02-07,-1.338226318359375
1979-02-08,-0.664794921875
1979-02-09,-0.291656494140625
1979-02-10,-0.062530517578125
1979-02-11,0.926910400390625
1979-02-12,0.385589599609375
1979-02-13,2.673370361328125
1979-02-14,5.1790771484375
1979-02-15,5.172576904296875
1979-02-16,2.323883056640625
1979-02-17,4.322967529296875
1979-02-18,5.279144287109375
1979-02-19,3.404510498046875
1979-02-20,-2.771148681640625
1979-02-21,-2.39630126953125
1979-02-22,-1.5706787109375
1979-02-23,-0.507843017578125
1979-02-24,1.383697509765625
1979-02-25,-0.884674072265625
1979-02-26,-1.150726318359375
1979-02-27,-0.458038330078125
1979-02-28,-0.000274658203125
1979-03-01,-1.557220458984375
1979-03-02,0.01605224609375
1979-03-03,1.664794921875
1979-03-04,0.156402587890625
1979-03-05,3.3485107421875
1979-03-06,-0.61566162109375
1979-03-07,-4.6773681640625
1979-03-08,-8.49639892578125
1979-03-09,-6.14996337890625
1979-03-10,-3.4658203125
1979-03-11,-2.259033203125
1979-03-12,-2.17926025390625
1979-03-13,-1.919097900390625
1979-03-14,-0.97784423828125
1979-03-15,3.505828857421875
1979-03-16,4.44921875
1979-03-17,-0.167999267578125
1979-03-18,1.228912353515625
1979-03-19,-0.91668701171875
1979-03-20,-1.73236083984375
1979-03-21,-0.200439453125
1979-03-22,1.40533447265625
1979-03-23,3.12493896484375
1979-03-24,3.24847412109375
1979-03-25,1.915618896484375
1979-03-26,1.755126953125
1979-03-27,1.044525146484375
1979-03-28,2.956146240234375
1979-03-29,5.25872802734375
1979-03-30,3.174896240234375
1979-03-31,2.180755615234375
1979-04-01,-5.283599853515625
1979-04-02,-3.02301025390625
1979-04-03,-2.494537353515625
1979-04-04,-5.470489501953125
1979-04-05,-3.593231201171875
1979-04-06,-3.241912841796875
1979-04-07,-1.747161865234375
1979-04-08,-0.243682861328125
1979-04-09,0.385162353515625
1979-04-10,0.305145263671875
1979-04-11,4.062225341796875
1979-04-12,2.6734619140625
1979-04-13,3.877838134765625
1979-04-14,2.01165771484375
1979-04-15,-1.285003662109375
1979-04-16,-0.342864990234375
1979-04-17,-0.646881103515625
1979-04-18,1.269927978515625
1979-04-19,-3.88330078125
1979-04-20,-3.21173095703125
1979-04-21,-0.461151123046875
1979-04-22,-0.319366455078125
1979-04-23,1.099212646484375
1979-04-24,3.804290771484375
1979-04-25,2.542144775390625
1979-04-26,4.065643310546875
1979-04-27,4.562225341796875
1979-04-28,7.3724365234375
1979-04-29,1.585113525390625
1979-04-30,1.502716064453125
1979-05-01,-4.588348388671875
1979-05-02,-4.027313232421875
1979-05-03,-5.603729248046875
1979-05-04,-4.368377685546875
1979-05-05,-2.305023193359375
1979-05-06,-2.329193115234375
1979-05-07,0.532440185546875
1979-05-08,3.294647216796875
1979-05-09,1.935028076171875
1979-05-10,0.514923095703125
1979-05-11,-0.310516357421875
1979-05-12,2.551025390625
1979-05-13,2.040863037109375
1979-05-14,2.890472412109375
1979-05-15,-2.81317138671875
1979-05-16,-3.444549560546875
1979-05-17,-2.978363037109375
1979-05-18,4.797088623046875
1979-05-19,6.958251953125
1979-05-20,4.740509033203125
1979-05-21,0.77032470703125
1979-05-22,-0.704925537109375
1979-05-23,-0.588470458984375
1979-05-24,0.489715576171875
1979-05-25,1.364532470703125
1979-05-26,-0.337432861328125
1979-05-27,2.858001708984375
1979-05-28,1.205596923828125
1979-05-29,-1.605926513671875
1979-05-30,-0.889678955078125
1979-05-31,-0.744873046875
1979-06-01,-5.303192138671875
1979-06-02,-4.75286865234375
1979-06-03,-3.39776611328125
1979-06-04,-1.434173583984375
1979-06-05,0.51885986328125
1979-06-06,0.09649658203125
1979-06-07,1.85406494140625
1979-06-08,-0.4583740234375
1979-06-09,0.14093017578125
1979-06-10,1.595703125
1979-06-11,2.102874755859375
1979-06-12,-0.8350830078125
1979-06-13,-1.824676513671875
1979-06-14,0.503173828125
1979-06-15,-1.045989990234375
1979-06-16,-0.049224853515625
1979-06-17,1.74346923828125
1979-06-18,-0.0118408203125
1979-06-19,1.82366943359375
1979-06-20,0.9019775390625
1979-06-21,-0.42181396484375
1979-06-22,2.058349609375
1979-06-23,1.872802734375
1979-06-24,0.5184326171875
1979-06-25,1.81964111328125
1979-06-26,2.63702392578125
1979-06-27,3.21807861328125
1979-06-28,1.66253662109375
1979-06-29,1.27532958984375
1979-06-30,2.653839111328125
1979-07-01,2.20672607421875
1979-07-02,3.16290283203125
1979-07-03,1.25689697265625
1979-07-04,0.812744140625
1979-07-05,1.384490966796875
1979-07-06,1.029205322265625
1979-07-07,3.175048828125
1979-07-08,3.80328369140625
1979-07-09,1.022705078125
1979-07-10,0.51910400390625
1979-07-11,-1.16241455078125
1979-07-12,-1.545196533203125
1979-07-13,-1.91802978515625
1979-07-14,-2.167633056640625
1979-07-15,-1.97021484375
1979-07-16,-1.20782470703125
1979-07-17,-0.739044189453125
1979-07-18,-0.5296630859375
1979-07-19,-0.70361328125
1979-07-20,-0.8265380859375
1979-07-21,-0.62701416015625
1979-07-22,-1.38421630859375
1979-07-23,-1.50201416015625
1979-07-24,-2.676666259765625
1979-07-25,-0.823577880859375
1979-07-26,0.2838134765625
1979-07-27,-0.4769287109375
1979-07-28,0.64166259765625
1979-07-29,-0.56805419921875
1979-07-30,-1.286285400390625
1979-07-31,-0.1937255859375
1979-08-01,0.7659912109375
1979-08-02,0.47552490234375
1979-08-03,-0.315765380859375
1979-08-04,0.9490966796875
1979-08-05,2.261077880859375
1979-08-06,2.67041015625
1979-08-07,1.3970947265625
1979-08-08,1.633453369140625
1979-08-09,0.82574462890625
1979-08-10,-0.58416748046875
1979-08-11,-1.16204833984375
1979-08-12,-0.680511474609375
1979-08-13,-0.84130859375
1979-08-14,0.90191650390625
1979-08-15,-1.2607421875
1979-08-16,-0.283843994140625
1979-08-17,-0.232147216796875
1979-08-18,0.27191162109375
1979-08-19,-0.179351806640625
1979-08-20,-0.66668701171875
1979-08-21,-1.01953125
1979-08-22,-1.2305908203125
1979-08-23,-0.77996826171875
1979-08-24,-0.98980712890625
1979-08-25,-0.044189453125
1979-08-26,-1.0399169921875
1979-08-27,-1.194580078125
1979-08-28,0.009307861328125
1979-08-29,-0.2808837890625
1979-08-30,0.17938232421875
1979-08-31,0.564453125
1979-09-01,4.932586669921875
1979-09-02,5.05267333984375
1979-09-03,4.0350341796875
1979-09-04,2.43560791015625
1979-09-05,0.488525390625
1979-09-06,1.299072265625
1979-09-07,0.1256103515625
1979-09-08,2.312652587890625
1979-09-09,1.57989501953125
1979-09-10,1.670928955078125
1979-09-11,0.7291259765625
1979-09-12,0.83184814453125
1979-09-13,0.656951904296875
1979-09-14,0.23779296875
1979-09-15,0.52874755859375
1979-09-16,0.2696533203125
1979-09-17,-1.23150634765625
1979-09-18,-1.12127685546875
1979-09-19,-1.927154541015625
1979-09-20,-2.27142333984375
1979-09-21,-3.4146728515625
1979-09-22,-3.3843994140625
1979-09-23,-1.635040283203125
1979-09-24,1.10540771484375
1979-09-25,-1.4332275390625
1979-09-26,-2.950042724609375
1979-09-27,-4.17071533203125
1979-09-28,-5.2681884765625
1979-09-29,-3.4315185546875
1979-09-30,-2.44256591796875
1979-10-01,-2.005706787109375
1979-10-02,0.84527587890625
1979-10-03,1.56231689453125
1979-10-04,1.60040283203125
1979-10-05,2.25067138671875
1979-10-06,3.862060546875
1979-10-07,2.38433837890625
1979-10-08,2.75323486328125
1979-10-09,3.969085693359375
1979-10-10,2.612060546875
1979-10-11,2.02203369140625
1979-10-12,0.696380615234375
1979-10-13,2.66400146484375
1979-10-14,0.7587890625
1979-10-15,-0.4954833984375
1979-10-16,-0.98065185546875
1979-10-17,-2.084259033203125
1979-10-18,-1.77081298828125
1979-10-19,-2.41534423828125
1979-10-20,-2.886016845703125
1979-10-21,-2.503021240234375
1979-10-22,-2.287689208984375
1979-10-23,-0.848388671875
1979-10-24,0.59320068359375
1979-10-25,-1.891845703125
1979-10-26,-1.927642822265625
1979-10-27,-0.981658935546875
1979-10-28,-2.329559326171875
1979-10-29,-1.8646240234375
1979-10-30,-2.4886474609375
1979-10-31,-3.96307373046875
1979-11-01,-4.3841552734375
1979-11-02,-5.6263427734375
1979-11-03,-5.382476806640625
1979-11-04,-6.64703369140625
1979-11-05,-6.049102783203125
1979-11-06,-6.4727783203125
1979-11-07,-6.035491943359375
1979-11-08,-7.5782470703125
1979-11-09,-7.627716064453125
1979-11-10,-5.86590576171875
1979-11-11,-7.38299560546875
1979-11-12,-7.1202392578125
1979-11-13,-7.31378173828125
1979-11-14,-7.1295166015625
1979-11-15,-8.25201416015625
1979-11-16,-8.257049560546875
1979-11-17,-9.27886962890625
1979-11-18,-8.94610595703125
1979-11-19,-8.1051025390625
1979-11-20,-8.675933837890625
1979-11-21,-10.4207763671875
1979-11-22,-11.209716796875
1979-11-23,-5.254638671875
1979-11-24,-6.443756103515625
1979-11-25,-4.36712646484375
1979-11-26,-4.99853515625
1979-11-27,-6.744140625
1979-11-28,-10.13385009765625
1979-11-29,-3.147369384765625
1979-11-30,-5.6539306640625
1979-12-01,0.2989501953125
1979-12-02,-1.1802978515625
1979-12-03,-1.1802978515625
1979-12-04,-1.1802978515625
1979-12-05,-1.1802978515625
1979-12-06,-1.1802978515625
1979-12-07,-1.1802978515625
1979-12-08,-1.1802978515625
1979-12-09,-1.1802978515625
1979-12-10,-1.1802978515625
1979-12-11,-1.1802978515625
1979-12-12,-1.1802978515625
1979-12-13,-1.1802978515625
1979-12-14,-1.1802978515625
1979-12-15,-1.1802978515625
1979-12-16,-1.1802978515625
1979-12-17,-1.1802978515625
1979-12-18,-1.1802978515625
1979-12-19,-1.1802978515625
1979-12-20,-1.1802978515625
1979-12-21,-1.1802978515625
1979-12-22,-1.1802978515625
1979-12-23,-1.1802978515625
1979-12-24,-1.1802978515625
1979-12-25,-1.1802978515625
1979-12-26,-1.1802978515625
1979-12-27,-1.1802978515625
1979-12-28,-1.1802978515625
1979-12-29,-1.1802978515625
1979-12-30,-1.1802978515625
1979-12-31,-1.1802978515625
1980-01-01,0.0
1980-01-02,-1.721435546875
1980-01-03,0.87408447265625
1980-01-04,2.17633056640625
1980-01-05,5.5257568359375
1980-01-06,-3.19921875
1980-01-07,-2.70135498046875
1980-01-08,-0.915283203125
1980-01-09,2.365081787109375
1980-01-10,0.2679443359375
1980-01-11,1.25885009765625
1980-01-12,-0.899444580078125
1980-01-13,0.864898681640625
1980-01-14,3.252655029296875
1980-01-15,6.64752197265625
1980-01-16,6.37738037109375
1980-01-17,7.4720458984375
1980-01-18,5.78839111328125
1980-01-19,3.47222900390625
1980-01-20,3.44744873046875
1980-01-21,6.54754638671875
1980-01-22,8.28289794921875
1980-01-23,8.5855712890625
1980-01-24,8.70587158203125
1980-01-25,7.634765625
1980-01-26,5.7906494140625
1980-01-27,6.868896484375
1980-01-28,6.87548828125
1980-01-29,7.0416259765625
1980-01-30,8.751434326171875
1980-01-31,8.794403076171875
1980-02-01,-0.33782958984375
1980-02-02,3.29779052734375
1980-02-03,3.09783935546875
1980-02-04,4.833984375
1980-02-05,6.07958984375
1980-02-06,-1.29541015625
1980-02-07,3.594451904296875
1980-02-08,0.252197265625
1980-02-09,0.355743408203125
1980-02-10,2.5355224609375
1980-02-11,1.92547607421875
1980-02-12,1.93511962890625
1980-02-13,3.014404296875
1980-02-14,3.075469970703125
1980-02-15,3.3585205078125
1980-02-16,2.3553466796875
1980-02-17,4.80364990234375
1980-02-18,5.62176513671875
1980-02-19,5.883636474609375
1980-02-20,8.4283447265625
1980-02-21,7.87451171875
1980-02-22,5.11920166015625
1980-02-23,6.704132080078125
1980-02-24,7.0767822265625
1980-02-25,8.370880126953125
1980-02-26,4.75823974609375
1980-02-27,3.285888671875
1980-02-28,8.22479248046875
1980-02-29,4.3179931640625
1980-03-01,2.11688232421875
1980-03-02,3.46429443359375
1980-03-03,3.08270263671875
1980-03-04,6.89898681640625
1980-03-05,2.0880126953125
1980-03-06,1.17120361328125
1980-03-07,3.23883056640625
1980-03-08,6.404815673828125
1980-03-09,6.6051025390625
1980-03-10,4.03619384765625
1980-03-11,3.643280029296875
1980-03-12,5.812652587890625
1980-03-13,3.588043212890625
1980-03-14,6.75390625
1980-03-15,4.074737548828125
1980-03-16,4.269775390625
1980-03-17,5.28448486328125
1980-03-18,4.45361328125
1980-03-19,6.404876708984375
1980-03-20,8.911346435546875
1980-03-21,9.680084228515625
1980-03-22,7.88922119140625
1980-03-23,8.4769287109375
1980-03-24,7.826904296875
1980-03-25,5.712890625
1980-03-26,7.6484375
1980-03-27,5.582427978515625
1980-03-28,11.04364013671875
1980-03-29,9.36614990234375
1980-03-30,9.28436279296875
1980-03-31,10.6787109375
1980-04-01,3.11285400390625
1980-04-02,5.337127685546875
1980-04-03,6.83856201171875
1980-04-04,8.4791259765625
1980-04-05,6.62017822265625
1980-04-06,5.75445556640625
1980-04-07,7.815093994140625
1980-04-08,5.4671630859375
1980-04-09,4.864715576171875
1980-04-10,2.96600341796875
1980-04-11,4.642364501953125
1980-04-12,3.50360107421875
1980-04-13,8.171722412109375
1980-04-14,5.20281982421875
1980-04-15,4.53076171875
1980-04-16,3.9796142578125
1980-04-17,4.56689453125
1980-04-18,8.0343017578125
1980-04-19,5.710205078125
1980-04-20,3.7613525390625
1980-04-21,4.6922607421875
1980-04-22,3.688568115234375
1980-04-23,3.72418212890625
1980-04-24,3.08258056640625
1980-04-25,3.66619873046875
1980-04-26,3.7471923828125
1980-04-27,4.598663330078125
1980-04-28,7.01953125
1980-04-29,4.56732177734375
1980-04-30,4.94219970703125
1980-05-01,1.43890380859375
1980-05-02,2.9622802734375
1980-05-03,3.1376953125
1980-05-04,3.083221435546875
1980-05-05,2.0811767578125
1980-05-06,1.465576171875
1980-05-07,0.665313720703125
1980-05-08,1.06036376953125
1980-05-09,3.4180908203125
1980-05-10,3.2818603515625
1980-05-11,3.76934814453125
1980-05-12,5.28607177734375
1980-05-13,6.357879638671875
1980-05-14,2.987213134765625
1980-05-15,3.443939208984375
1980-05-16,2.8934326171875
1980-05-17,1.15191650390625
1980-05-18,3.5194091796875
1980-05-19,4.55242919921875
1980-05-20,6.154815673828125
1980-05-21,3.415283203125
1980-05-22,0.1148681640625
1980-05-23,0.981536865234375
1980-05-24,1.173492431640625
1980-05-25,2.05035400390625
1980-05-26,2.693511962890625
1980-05-27,1.681793212890625
1980-05-28,1.02410888671875
1980-05-29,1.453094482421875
1980-05-30,2.94781494140625
1980-05-31,2.759765625
1980-06-01,1.156036376953125
1980-06-02,0.37017822265625
1980-06-03,0.04583740234375
1980-06-04,-0.59625244140625
1980-06-05,-0.1783447265625
1980-06-06,-1.405364990234375
1980-06-07,-2.81298828125
1980-06-08,-3.157562255859375
1980-06-09,-2.6246337890625
1980-06-10,-2.42828369140625
1980-06-11,-2.2049560546875
1980-06-12,-3.334075927734375
1980-06-13,-2.8216552734375
1980-06-14,-3.54974365234375
1980-06-15,-3.373321533203125
1980-06-16,-2.30377197265625
1980-06-17,-2.01019287109375
1980-06-18,-3.45465087890625
1980-06-19,-1.9075927734375
1980-06-20,-1.67279052734375
1980-06-21,-1.518402099609375
1980-06-22,-3.2032470703125
1980-06-23,-2.31219482421875
1980-06-24,-2.799896240234375
1980-06-25,-1.64984130859375
1980-06-26,-0.70184326171875
1980-06-27,-2.389007568359375
1980-06-28,-2.02984619140625
1980-06-29,-2.38177490234375
1980-06-30,-2.636962890625
1980-07-01,-0.2945556640625
1980-07-02,-1.090972900390625
1980-07-03,-0.4012451171875
1980-07-04,0.011932373046875
1980-07-05,-0.12701416015625
1980-07-06,1.2213134765625
1980-07-07,0.606597900390625
1980-07-08,-0.808258056640625
1980-07-09,-1.417694091796875
1980-07-10,-1.1639404296875
1980-07-11,-1.825714111328125
1980-07-12,-1.181243896484375
1980-07-13,0.085968017578125
1980-07-14,0.0242919921875
1980-07-15,-0.519805908203125
1980-07-16,-0.11907958984375
1980-07-17,-0.6217041015625
1980-07-18,-0.297149658203125
1980-07-19,-0.165313720703125
1980-07-20,-0.72998046875
1980-07-21,0.22235107421875
1980-07-22,0.524078369140625
1980-07-23,0.212982177734375
1980-07-24,0.74566650390625
1980-07-25,-0.21826171875
1980-07-26,0.250213623046875
1980-07-27,-0.24407958984375
1980-07-28,0.848419189453125
1980-07-29,0.491302490234375
1980-07-30,-0.300323486328125
1980-07-31,0.323760986328125
1980-08-01,0.920654296875
1980-08-02,0.65850830078125
1980-08-03,0.480926513671875
1980-08-04,0.920166015625
1980-08-05,0.757293701171875
1980-08-06,0.0872802734375
1980-08-07,-3.042236328125
1980-08-08,-3.578887939453125
1980-08-09,-1.64959716796875
1980-08-10,-0.131744384765625
1980-08-11,-0.59674072265625
1980-08-12,-1.80194091796875
1980-08-13,-1.940399169921875
1980-08-14,-1.22271728515625
1980-08-15,-1.005615234375
1980-08-16,-1.3785400390625
1980-08-17,-1.72698974609375
1980-08-18,-1.5467529296875
1980-08-19,-0.296966552734375
1980-08-20,-2.3826904296875
1980-08-21,-3.061614990234375
1980-08-22,-2.6678466796875
1980-08-23,-4.15338134765625
1980-08-24,-3.15386962890625
1980-08-25,-1.40093994140625
1980-08-26,-2.980499267578125
1980-08-27,-3.38519287109375
1980-08-28,-4.346893310546875
1980-08-29,-4.517852783203125
1980-08-30,-5.3319091796875
1980-08-31,-3.98138427734375
1980-09-01,-3.52117919921875
1980-09-02,-1.25946044921875
1980-09-03,-2.71173095703125
1980-09-04,-0.9639892578125
1980-09-05,-4.1578369140625
1980-09-06,-3.818328857421875
1980-09-07,-0.64874267578125
1980-09-08,-0.7139892578125
1980-09-09,-1.1607666015625
1980-09-10,-1.3482666015625
1980-09-11,-4.0333251953125
1980-09-12,-3.5555419921875
1980-09-13,-4.2650146484375
1980-09-14,-4.844818115234375
1980-09-15,-4.3267822265625
1980-09-16,-4.920166015625
1980-09-17,-4.533935546875
1980-09-18,-4.237091064453125
1980-09-19,-4.210357666015625
1980-09-20,-5.561981201171875
1980-09-21,-6.6658935546875
1980-09-22,-7.91229248046875
1980-09-23,-7.15753173828125
1980-09-24,-7.7896728515625
1980-09-25,-7.97613525390625
1980-09-26,-9.537841796875
1980-09-27,-8.297119140625
1980-09-28,-8.304840087890625
1980-09-29,-8.55426025390625
1980-09-30,-8.567138671875
1980-10-01,-1.46624755859375
1980-10-02,-4.62530517578125
1980-10-03,-3.00390625
1980-10-04,-3.48529052734375
1980-10-05,-1.931182861328125
1980-10-06,-3.35247802734375
1980-10-07,-4.52593994140625
1980-10-08,-5.58770751953125
1980-10-09,-8.305389404296875
1980-10-10,-9.5880126953125
1980-10-11,-9.2462158203125
1980-10-12,-7.904296875
1980-10-13,-8.05389404296875
1980-10-14,-8.637725830078125
1980-10-15,-8.99090576171875
1980-10-16,-8.69744873046875
1980-10-17,-6.576202392578125
1980-10-18,-7.49371337890625
1980-10-19,-6.7255859375
1980-10-20,-7.87640380859375
1980-10-21,-8.201507568359375
1980-10-22,-8.11468505859375
1980-10-23,-7.65606689453125
1980-10-24,-6.262847900390625
1980-10-25,-8.49737548828125
1980-10-26,-8.15570068359375
1980-10-27,-8.811920166015625
1980-10-28,-1.84112548828125
1980-10-29,-7.79693603515625
1980-10-30,-7.85430908203125
1980-10-31,-7.496002197265625
1980-11-01,-1.90435791015625
1980-11-02,-1.58056640625
1980-11-03,-1.96209716796875
1980-11-04,-2.128662109375
1980-11-05,-3.004638671875
1980-11-06,-3.235687255859375
1980-11-07,-5.55267333984375
1980-11-08,-5.73406982421875
1980-11-09,-6.20904541015625
1980-11-10,-6.40081787109375
1980-11-11,-3.662628173828125
1980-11-12,-4.037689208984375
1980-11-13,-4.161956787109375
1980-11-14,-4.39630126953125
1980-11-15,-5.03729248046875
1980-11-16,-5.7952880859375
1980-11-17,-7.077056884765625
1980-11-18,-5.37445068359375
1980-11-19,-5.853515625
1980-11-20,-6.1881103515625
1980-11-21,-5.042816162109375
1980-11-22,-0.73089599609375
1980-11-23,0.1646728515625
1980-11-24,0.45465087890625
1980-11-25,-2.11151123046875
1980-11-26,-3.013336181640625
1980-11-27,-3.709075927734375
1980-11-28,-4.2081298828125
1980-11-29,-1.92047119140625
1980-11-30,-3.857452392578125
1980-12-01,0.240936279296875
1980-12-02,-1.166839599609375
1980-12-03,-1.166839599609375
1980-12-04,-1.166839599609375
1980-12-05,-1.166839599609375
1980-12-06,-1.166839599609375
1980-12-07,-1.166839599609375
1980-12-08,-1.166839599609375
1980-12-09,-1.166839599609375
1980-12-10,-1.166839599609375
1980-12-11,-1.166839599609375
1980-12-12,-1.166839599609375
1980-12-13,-1.166839599609375
1980-12-14,-1.166839599609375
1980-12-15,-1.166839599609375
1980-12-16,-1.166839599609375
1980-12-17,-1.166839599609375
1980-12-18,-1.166839599609375
1980-12-19,-1.166839599609375
1980-12-20,-1.166839599609375
1980-12-21,-1.166839599609375
1980-12-22,-1.166839599609375
1980-12-23,-1.166839599609375
1980-12-24,-1.166839599609375
1980-12-25,-1.166839599609375
1980-12-26,-1.166839599609375
1980-12-27,-1.166839599609375
1980-12-28,-1.166839599609375
1980-12-29,-1.166839599609375
1980-12-30,-1.166839599609375
1980-12-31,-1.166839599609375
1981-01-01,0.032623291015625
1981-01-02,-1.21234130859375
1981-01-03,1.92291259765625
1981-01-04,1.619598388671875
1981-01-05,3.90618896484375
1981-01-06,1.4771728515625
1981-01-07,-1.56036376953125
1981-01-08,-2.617645263671875
1981-01-09,-3.9029541015625
1981-01-10,-4.084869384765625
1981-01-11,-3.578216552734375
1981-01-12,-0.714111328125
1981-01-13,-1.661468505859375
1981-01-14,-4.91357421875
1981-01-15,-4.283233642578125
1981-01-16,-3.06005859375
1981-01-17,-2.69195556640625
1981-01-18,1.0086669921875
1981-01-19,-2.403167724609375
1981-01-20,-1.97015380859375
1981-01-21,0.23138427734375
1981-01-22,0.146728515625
1981-01-23,3.539459228515625
1981-01-24,2.660614013671875
1981-01-25,3.55584716796875
1981-01-26,4.107818603515625
1981-01-27,0.744354248046875
1981-01-28,2.919281005859375
1981-01-29,3.259368896484375
1981-01-30,3.91070556640625
1981-01-31,3.20477294921875
1981-02-01,-1.493194580078125
1981-02-02,-2.831695556640625
1981-02-03,-2.642669677734375
1981-02-04,1.509124755859375
1981-02-05,0.843902587890625
1981-02-06,1.54754638671875
1981-02-07,-2.760589599609375
1981-02-08,-3.027740478515625
1981-02-09,-2.9866943359375
1981-02-10,-2.386749267578125
1981-02-11,-2.723480224609375
1981-02-12,-2.053619384765625
1981-02-13,-0.128448486328125
1981-02-14,1.362579345703125
1981-02-15,2.681854248046875
1981-02-16,1.61053466796875
1981-02-17,0.794464111328125
1981-02-18,1.279937744140625
1981-02-19,-0.977874755859375
1981-02-20,0.741058349609375
1981-02-21,-0.582244873046875
1981-02-22,-1.3790283203125
1981-02-23,1.30999755859375
1981-02-24,1.942779541015625
1981-02-25,1.289703369140625
1981-02-26,2.32415771484375
1981-02-27,3.097381591796875
1981-02-28,3.607879638671875
1981-03-01,-3.22235107421875
1981-03-02,-4.37847900390625
1981-03-03,-2.48077392578125
1981-03-04,-2.7515869140625
1981-03-05,-0.724609375
1981-03-06,2.512237548828125
1981-03-07,-0.29327392578125
1981-03-08,-2.737091064453125
1981-03-09,-2.41510009765625
1981-03-10,-1.66229248046875
1981-03-11,-2.57373046875
1981-03-12,-2.9808349609375
1981-03-13,-2.45361328125
1981-03-14,-1.0408935546875
1981-03-15,1.884033203125
1981-03-16,0.12255859375
1981-03-17,-2.67877197265625
1981-03-18,-1.802001953125
1981-03-19,3.3865966796875
1981-03-20,2.11151123046875
1981-03-21,1.23956298828125
1981-03-22,2.02435302734375
1981-03-23,0.16522216796875
1981-03-24,-0.628631591796875
1981-03-25,1.26513671875
1981-03-26,0.953338623046875
1981-03-27,2.550262451171875
1981-03-28,1.88507080078125
1981-03-29,5.35693359375
1981-03-30,5.2906494140625
1981-03-31,4.06109619140625
1981-04-01,-2.72100830078125
1981-04-02,-1.230316162109375
1981-04-03,-1.471435546875
1981-04-04,-3.38250732421875
1981-04-05,-3.384033203125
1981-04-06,-5.769287109375
1981-04-07,-5.62945556640625
1981-04-08,-3.414520263671875
1981-04-09,-2.571624755859375
1981-04-10,1.2923583984375
1981-04-11,1.4945068359375
1981-04-12,1.436248779296875
1981-04-13,0.133544921875
1981-04-14,0.0594482421875
1981-04-15,0.1268310546875
1981-04-16,3.229248046875
1981-04-17,0.27435302734375
1981-04-18,-1.08233642578125
1981-04-19,2.250152587890625
1981-04-20,4.90814208984375
1981-04-21,6.54583740234375
1981-04-22,-0.21112060546875
1981-04-23,-0.29681396484375
1981-04-24,-0.611572265625
1981-04-25,-2.302978515625
1981-04-26,-0.98876953125
1981-04-27,0.77288818359375
1981-04-28,6.2728271484375
1981-04-29,4.881805419921875
1981-04-30,1.0771484375
1981-05-01,-2.095947265625
1981-05-02,1.1680908203125
1981-05-03,1.7135009765625
1981-05-04,1.087310791015625
1981-05-05,0.206878662109375
1981-05-06,0.990692138671875
1981-05-07,-2.58978271484375
1981-05-08,-1.63104248046875
1981-05-09,-2.11541748046875
1981-05-10,-0.8099365234375
1981-05-11,-0.7322998046875
1981-05-12,-1.005218505859375
1981-05-13,-0.503814697265625
1981-05-14,0.07989501953125
1981-05-15,0.235565185546875
1981-05-16,0.01556396484375
1981-05-17,1.72503662109375
1981-05-18,1.342681884765625
1981-05-19,1.432647705078125
1981-05-20,-0.477294921875
1981-05-21,-1.052337646484375
1981-05-22,-3.0899658203125
1981-05-23,-1.27630615234375
1981-05-24,-3.064453125
1981-05-25,0.55743408203125
1981-05-26,0.358184814453125
1981-05-27,2.09765625
1981-05-28,1.0074462890625
1981-05-29,-0.25079345703125
1981-05-30,2.64056396484375
1981-05-31,3.832061767578125
1981-06-01,0.866058349609375
1981-06-02,-3.806671142578125
1981-06-03,-5.255645751953125
1981-06-04,-3.53790283203125
1981-06-05,-4.44635009765625
1981-06-06,-6.911590576171875
1981-06-07,-0.597564697265625
1981-06-08,2.861846923828125
1981-06-09,1.513336181640625
1981-06-10,-0.32940673828125
1981-06-11,0.85015869140625
1981-06-12,0.36212158203125
1981-06-13,-1.37689208984375
1981-06-14,-1.0936279296875
1981-06-15,-0.10687255859375
1981-06-16,-1.329925537109375
1981-06-17,-1.41644287109375
1981-06-18,2.590362548828125
1981-06-19,3.41326904296875
1981-06-20,3.078033447265625
1981-06-21,3.301483154296875
1981-06-22,3.394561767578125
1981-06-23,0.09722900390625
1981-06-24,2.02801513671875
1981-06-25,1.782745361328125
1981-06-26,1.44580078125
1981-06-27,2.157745361328125
1981-06-28,2.41986083984375
1981-06-29,0.133056640625
1981-06-30,-2.321197509765625
1981-07-01,-1.74810791015625
1981-07-02,-0.006591796875
1981-07-03,0.955718994140625
1981-07-04,1.08526611328125
1981-07-05,0.48602294921875
1981-07-06,0.57342529296875
1981-07-07,1.8275146484375
1981-07-08,1.832275390625
1981-07-09,0.8980712890625
1981-07-10,0.85736083984375
1981-07-11,0.82696533203125
1981-07-12,2.072021484375
1981-07-13,1.0211181640625
1981-07-14,-0.12432861328125
1981-07-15,-0.729461669921875
1981-07-16,-0.8033447265625
1981-07-17,-1.3994140625
1981-07-18,-2.055877685546875
1981-07-19,-2.53564453125
1981-07-20,-2.03076171875
1981-07-21,-1.161224365234375
1981-07-22,-0.2872314453125
1981-07-23,0.0880126953125
1981-07-24,0.19305419921875
1981-07-25,0.115570068359375
1981-07-26,0.9647216796875
1981-07-27,-0.68975830078125
1981-07-28,-0.283416748046875
1981-07-29,0.616790771484375
1981-07-30,0.126556396484375
1981-07-31,-0.56024169921875
1981-08-01,-0.1087646484375
1981-08-02,-0.466949462890625
1981-08-03,-1.022064208984375
1981-08-04,-0.763092041015625
1981-08-05,-0.579742431640625
1981-08-06,0.558441162109375
1981-08-07,0.619903564453125
1981-08-08,2.1826171875
1981-08-09,0.057830810546875
1981-08-10,0.128082275390625
1981-08-11,-0.387420654296875
1981-08-12,0.045684814453125
1981-08-13,-0.546600341796875
1981-08-14,-0.29150390625
1981-08-15,-0.07421875
1981-08-16,0.8250732421875
1981-08-17,0.835174560546875
1981-08-18,0.855621337890625
1981-08-19,0.906158447265625
1981-08-20,-0.244384765625
1981-08-21,0.154632568359375
1981-08-22,-0.382720947265625
1981-08-23,-1.039581298828125
1981-08-24,-1.295440673828125
1981-08-25,-0.080413818359375
1981-08-26,0.477264404296875
1981-08-27,-0.26971435546875
1981-08-28,0.4027099609375
1981-08-29,-0.741546630859375
1981-08-30,-0.2142333984375
1981-08-31,0.631011962890625
1981-09-01,2.0341796875
1981-09-02,2.65863037109375
1981-09-03,2.4752197265625
1981-09-04,1.8182373046875
1981-09-05,1.50701904296875
1981-09-06,0.8778076171875
1981-09-07,0.1956787109375
1981-09-08,-1.03704833984375
1981-09-09,-0.813262939453125
1981-09-10,-0.57867431640625
1981-09-11,-1.00152587890625
1981-09-12,-2.10736083984375
1981-09-13,-1.961761474609375
1981-09-14,-1.285858154296875
1981-09-15,-0.88665771484375
1981-09-16,-0.62225341796875
1981-09-17,-0.271697998046875
1981-09-18,-0.13616943359375
1981-09-19,-1.0472412109375
1981-09-20,-1.01654052734375
1981-09-21,-0.48382568359375
1981-09-22,-0.750885009765625
1981-09-23,0.927490234375
1981-09-24,1.89617919921875
1981-09-25,1.04693603515625
1981-09-26,1.788177490234375
1981-09-27,1.51470947265625
1981-09-28,0.10052490234375
1981-09-29,-2.364013671875
1981-09-30,-2.36651611328125
1981-10-01,5.16998291015625
1981-10-02,3.71942138671875
1981-10-03,3.0611572265625
1981-10-04,2.061920166015625
1981-10-05,0.84747314453125
1981-10-06,1.7349853515625
1981-10-07,0.34576416015625
1981-10-08,0.91033935546875
1981-10-09,-0.86749267578125
1981-10-10,-1.9820556640625
1981-10-11,-0.223388671875
1981-10-12,-0.33819580078125
1981-10-13,0.35565185546875
1981-10-14,-0.68621826171875
1981-10-15,-1.082275390625
1981-10-16,0.49609375
1981-10-17,1.03692626953125
1981-10-18,1.569366455078125
1981-10-19,1.1951904296875
1981-10-20,0.9755859375
1981-10-21,0.745361328125
1981-10-22,-1.3939208984375
1981-10-23,-2.59765625
1981-10-24,-2.00177001953125
1981-10-25,-1.1759033203125
1981-10-26,1.611572265625
1981-10-27,-2.874359130859375
1981-10-28,-2.57049560546875
1981-10-29,-0.91192626953125
1981-10-30,-3.630462646484375
1981-10-31,-3.406982421875
1981-11-01,5.018524169921875
1981-11-02,4.93743896484375
1981-11-03,5.07257080078125
1981-11-04,3.560302734375
1981-11-05,2.6146240234375
1981-11-06,0.5399169921875
1981-11-07,0.49853515625
1981-11-08,0.9375
1981-11-09,0.99481201171875
1981-11-10,1.843017578125
1981-11-11,2.3533935546875
1981-11-12,2.8646240234375
1981-11-13,-0.8243408203125
1981-11-14,0.23004150390625
1981-11-15,0.19482421875
1981-11-16,-1.21051025390625
1981-11-17,-0.959716796875
1981-11-18,-1.20989990234375
1981-11-19,-0.2052001953125
1981-11-20,-2.46795654296875
1981-11-21,-1.73748779296875
1981-11-22,-2.9346923828125
1981-11-23,-1.391937255859375
1981-11-24,-4.05828857421875
1981-11-25,-3.09283447265625
1981-11-26,-2.449920654296875
1981-11-27,-0.026123046875
1981-11-28,-2.3441162109375
1981-11-29,-2.89569091796875
1981-11-30,-4.257568359375
1981-12-01,0.754974365234375
1981-12-02,0.879669189453125
1981-12-03,0.5294189453125
1981-12-04,0.711517333984375
1981-12-05,0.678375244140625
1981-12-06,0.354705810546875
1981-12-07,4.587432861328125
1981-12-08,-0.2615966796875
1981-12-09,0.530975341796875
1981-12-10,1.21405029296875
1981-12-11,0.725250244140625
1981-12-12,-0.630523681640625
1981-12-13,-0.177764892578125
1981-12-14,-0.333282470703125
1981-12-15,-1.413665771484375
1981-12-16,0.142059326171875
1981-12-17,0.703094482421875
1981-12-18,-0.305328369140625
1981-12-19,-1.596893310546875
1981-12-20,-0.106231689453125
1981-12-21,-3.0994873046875
1981-12-22,-2.010528564453125
1981-12-23,-1.23162841796875
1981-12-24,-0.862396240234375
1981-12-25,-0.769805908203125
1981-12-26,-1.727264404296875
1981-12-27,-1.051910400390625
1981-12-28,-0.2266845703125
1981-12-29,2.096343994140625
1981-12-30,1.08782958984375
1981-12-31,0.543548583984375
1982-01-01,-2.407318115234375
1982-01-02,-2.5194091796875
1982-01-03,-3.6744384765625
1982-01-04,1.87237548828125
1982-01-05,-0.6280517578125
1982-01-06,-0.578094482421875
1982-01-07,-1.3033447265625
1982-01-08,-2.404937744140625
1982-01-09,1.6280517578125
1982-01-10,2.57220458984375
1982-01-11,1.34197998046875
1982-01-12,2.02008056640625
1982-01-13,1.209442138671875
1982-01-14,1.04534912109375
1982-01-15,0.02142333984375
1982-01-16,-0.27239990234375
1982-01-17,-0.53973388671875
1982-01-18,-0.10980224609375
1982-01-19,0.38983154296875
1982-01-20,-0.7763671875
1982-01-21,-1.488037109375
1982-01-22,0.871337890625
1982-01-23,0.61175537109375
1982-01-24,-0.51104736328125
1982-01-25,1.990509033203125
1982-01-26,4.65863037109375
1982-01-27,1.85052490234375
1982-01-28,-1.681976318359375
1982-01-29,-1.5263671875
1982-01-30,-1.713134765625
1982-01-31,0.489013671875
1982-02-01,0.75213623046875
1982-02-02,-0.529144287109375
1982-02-03,2.03033447265625
1982-02-04,0.94952392578125
1982-02-05,-1.48150634765625
1982-02-06,-3.53363037109375
1982-02-07,-2.8812255859375
1982-02-08,-0.520477294921875
1982-02-09,-0.89093017578125
1982-02-10,1.90728759765625
1982-02-11,3.2686767578125
1982-02-12,2.767669677734375
1982-02-13,-0.07305908203125
1982-02-14,-1.34088134765625
1982-02-15,2.55780029296875
1982-02-16,3.7265625
1982-02-17,0.865234375
1982-02-18,-0.1412353515625
1982-02-19,1.28216552734375
1982-02-20,1.88165283203125
1982-02-21,-0.0767822265625
1982-02-22,-3.72637939453125
1982-02-23,-2.975494384765625
1982-02-24,-2.8525390625
1982-02-25,-2.87689208984375
1982-02-26,-1.3095703125
1982-02-27,1.5390625
1982-02-28,1.83721923828125
1982-03-01,0.0291748046875
1982-03-02,-0.87603759765625
1982-03-03,-2.5213623046875
1982-03-04,-3.24029541015625
1982-03-05,-2.07598876953125
1982-03-06,-1.41290283203125
1982-03-07,-5.85723876953125
1982-03-08,-4.23712158203125
1982-03-09,-2.44927978515625
1982-03-10,-0.377777099609375
1982-03-11,-1.987579345703125
1982-03-12,-3.56072998046875
1982-03-13,-2.37945556640625
1982-03-14,-1.61956787109375
1982-03-15,-0.656402587890625
1982-03-16,1.091796875
1982-03-17,1.69146728515625
1982-03-18,-0.01470947265625
1982-03-19,0.279571533203125
1982-03-20,-0.40203857421875
1982-03-21,1.547119140625
1982-03-22,4.447021484375
1982-03-23,4.737335205078125
1982-03-24,1.89544677734375
1982-03-25,0.41119384765625
1982-03-26,0.6124267578125
1982-03-27,0.25750732421875
1982-03-28,2.919464111328125
1982-03-29,3.62615966796875
1982-03-30,5.08917236328125
1982-03-31,4.862030029296875
1982-04-01,-1.60052490234375
1982-04-02,-2.68084716796875
1982-04-03,-2.89678955078125
1982-04-04,-0.7235107421875
1982-04-05,-1.95013427734375
1982-04-06,1.82379150390625
1982-04-07,-2.012603759765625
1982-04-08,-3.25836181640625
1982-04-09,-3.6593017578125
1982-04-10,-2.44757080078125
1982-04-11,-1.34906005859375
1982-04-12,-1.259521484375
1982-04-13,-0.06982421875
1982-04-14,-0.4881591796875
1982-04-15,0.26605224609375
1982-04-16,0.25640869140625
1982-04-17,1.87225341796875
1982-04-18,2.4771728515625
1982-04-19,3.92218017578125
1982-04-20,0.02740478515625
1982-04-21,0.0113525390625
1982-04-22,1.098968505859375
1982-04-23,1.002685546875
1982-04-24,2.077972412109375
1982-04-25,1.1083984375
1982-04-26,1.77032470703125
1982-04-27,1.25616455078125
1982-04-28,1.5318603515625
1982-04-29,0.91845703125
1982-04-30,3.194000244140625
1982-05-01,-0.44329833984375
1982-05-02,0.07275390625
1982-05-03,0.999725341796875
1982-05-04,-0.303955078125
1982-05-05,-0.4097900390625
1982-05-06,-0.5418701171875
1982-05-07,-0.37322998046875
1982-05-08,1.095947265625
1982-05-09,0.7130126953125
1982-05-10,0.5775146484375
1982-05-11,-0.24310302734375
1982-05-12,2.67291259765625
1982-05-13,-0.755645751953125
1982-05-14,-2.858551025390625
1982-05-15,-1.596923828125
1982-05-16,-3.524261474609375
1982-05-17,-2.561492919921875
1982-05-18,-2.270233154296875
1982-05-19,0.24530029296875
1982-05-20,-1.5177001953125
1982-05-21,-0.40765380859375
1982-05-22,-0.4337158203125
1982-05-23,0.52520751953125
1982-05-24,0.012908935546875
1982-05-25,1.6322021484375
1982-05-26,2.11358642578125
1982-05-27,1.93109130859375
1982-05-28,3.395904541015625
1982-05-29,1.194091796875
1982-05-30,1.22808837890625
1982-05-31,0.143157958984375
1982-06-01,-1.392181396484375
1982-06-02,-3.60205078125
1982-06-03,-5.230438232421875
1982-06-04,-4.228118896484375
1982-06-05,-4.351837158203125
1982-06-06,-4.898468017578125
1982-06-07,-4.835296630859375
1982-06-08,2.002777099609375
1982-06-09,3.998260498046875
1982-06-10,2.101837158203125
1982-06-11,4.284759521484375
1982-06-12,0.940643310546875
1982-06-13,1.058868408203125
1982-06-14,-0.423095703125
1982-06-15,-0.564605712890625
1982-06-16,1.104766845703125
1982-06-17,-0.097259521484375
1982-06-18,-1.171295166015625
1982-06-19,0.818328857421875
1982-06-20,-1.239471435546875
1982-06-21,0.001983642578125
1982-06-22,0.841033935546875
1982-06-23,1.339263916015625
1982-06-24,0.090789794921875
1982-06-25,0.076934814453125
1982-06-26,1.177032470703125
1982-06-27,3.80035400390625
1982-06-28,2.637939453125
1982-06-29,2.830047607421875
1982-06-30,2.959625244140625
1982-07-01,0.972564697265625
1982-07-02,0.43609619140625
1982-07-03,1.786376953125
1982-07-04,2.191619873046875
1982-07-05,3.25823974609375
1982-07-06,3.78131103515625
1982-07-07,2.8936767578125
1982-07-08,2.242431640625
1982-07-09,2.24713134765625
1982-07-10,2.51416015625
1982-07-11,1.018585205078125
1982-07-12,-0.888427734375
1982-07-13,-1.09814453125
1982-07-14,-1.271148681640625
1982-07-15,-1.12030029296875
1982-07-16,-1.05419921875
1982-07-17,-1.08990478515625
1982-07-18,0.421173095703125
1982-07-19,0.152008056640625
1982-07-20,-1.119903564453125
1982-07-21,-1.44549560546875
1982-07-22,-1.180816650390625
1982-07-23,-1.02947998046875
1982-07-24,-2.47161865234375
1982-07-25,-2.98388671875
1982-07-26,-3.2628173828125
1982-07-27,-1.699859619140625
1982-07-28,-1.05633544921875
1982-07-29,-1.1192626953125
1982-07-30,-0.07794189453125
1982-07-31,-0.1494140625
1982-08-01,-1.175628662109375
1982-08-02,0.008514404296875
1982-08-03,0.964385986328125
1982-08-04,0.4974365234375
1982-08-05,-0.740386962890625
1982-08-06,-0.003814697265625
1982-08-07,0.12548828125
1982-08-08,1.187530517578125
1982-08-09,-0.065765380859375
1982-08-10,-0.227294921875
1982-08-11,0.84613037109375
1982-08-12,0.853240966796875
1982-08-13,0.920257568359375
1982-08-14,0.77362060546875
1982-08-15,0.493316650390625
1982-08-16,-0.096282958984375
1982-08-17,0.863677978515625
1982-08-18,1.245819091796875
1982-08-19,1.14532470703125
1982-08-20,0.04864501953125
1982-08-21,-0.441192626953125
1982-08-22,0.384033203125
1982-08-23,-0.83343505859375
1982-08-24,-0.3651123046875
1982-08-25,-0.704437255859375
1982-08-26,-0.47576904296875
1982-08-27,-0.788055419921875
1982-08-28,-1.09881591796875
1982-08-29,-0.844512939453125
1982-08-30,-0.971649169921875
1982-08-31,-1.306121826171875
1982-09-01,0.6019287109375
1982-09-02,1.88232421875
1982-09-03,1.65771484375
1982-09-04,2.730224609375
1982-09-05,2.099945068359375
1982-09-06,2.109222412109375
1982-09-07,1.81732177734375
1982-09-08,2.15447998046875
1982-09-09,1.96026611328125
1982-09-10,2.59576416015625
1982-09-11,2.23223876953125
1982-09-12,0.98699951171875
1982-09-13,0.13800048828125
1982-09-14,1.7410888671875
1982-09-15,1.998321533203125
1982-09-16,1.50347900390625
1982-09-17,1.32672119140625
1982-09-18,2.7137451171875
1982-09-19,1.44476318359375
1982-09-20,-0.477386474609375
1982-09-21,0.56988525390625
1982-09-22,0.7481689453125
1982-09-23,-1.977203369140625
1982-09-24,-3.244873046875
1982-09-25,-3.75909423828125
1982-09-26,-4.0972900390625
1982-09-27,-6.07379150390625
1982-09-28,-5.90863037109375
1982-09-29,-4.95709228515625
1982-09-30,-4.736572265625
1982-10-01,-1.728240966796875
1982-10-02,-1.742950439453125
1982-10-03,-0.706146240234375
1982-10-04,-0.258453369140625
1982-10-05,1.487396240234375
1982-10-06,0.306365966796875
1982-10-07,0.359588623046875
1982-10-08,2.136199951171875
1982-10-09,0.728851318359375
1982-10-10,-1.18768310546875
1982-10-11,0.281463623046875
1982-10-12,2.379425048828125
1982-10-13,2.153594970703125
1982-10-14,1.565582275390625
1982-10-15,2.188995361328125
1982-10-16,1.2760009765625
1982-10-17,1.046661376953125
1982-10-18,1.540802001953125
1982-10-19,1.428924560546875
1982-10-20,2.847076416015625
1982-10-21,-0.788116455078125
1982-10-22,-0.897735595703125
1982-10-23,-0.613494873046875
1982-10-24,-1.607421875
1982-10-25,-3.028350830078125
1982-10-26,-4.150115966796875
1982-10-27,-1.735321044921875
1982-10-28,1.800628662109375
1982-10-29,-2.712677001953125
1982-10-30,-1.702606201171875
1982-10-31,-1.012054443359375
1982-11-01,3.892852783203125
1982-11-02,0.1136474609375
1982-11-03,-0.0631103515625
1982-11-04,-0.20538330078125
1982-11-05,1.269378662109375
1982-11-06,0.96197509765625
1982-11-07,1.14453125
1982-11-08,1.68731689453125
1982-11-09,5.7005615234375
1982-11-10,-0.1376953125
1982-11-11,1.57965087890625
1982-11-12,-0.523468017578125
1982-11-13,0.477783203125
1982-11-14,0.1292724609375
1982-11-15,2.292236328125
1982-11-16,2.99493408203125
1982-11-17,3.67047119140625
1982-11-18,4.5025634765625
1982-11-19,5.1383056640625
1982-11-20,3.11083984375
1982-11-21,0.633544921875
1982-11-22,-0.38958740234375
1982-11-23,-3.252685546875
1982-11-24,-4.58624267578125
1982-11-25,-5.062713623046875
1982-11-26,-4.448028564453125
1982-11-27,-4.433441162109375
1982-11-28,-5.8441162109375
1982-11-29,-4.7891845703125
1982-11-30,-5.15850830078125
1982-12-01,3.7640380859375
1982-12-02,2.19354248046875
1982-12-03,4.05694580078125
1982-12-04,3.386444091796875
1982-12-05,2.0274658203125
1982-12-06,-1.066650390625
1982-12-07,-2.843963623046875
1982-12-08,1.11346435546875
1982-12-09,0.75543212890625
1982-12-10,3.907958984375
1982-12-11,0.574310302734375
1982-12-12,-0.86309814453125
1982-12-13,-2.7491455078125
1982-12-14,2.09088134765625
1982-12-15,1.119171142578125
1982-12-16,-0.674896240234375
1982-12-17,-1.693359375
1982-12-18,-0.763946533203125
1982-12-19,-2.83978271484375
1982-12-20,-2.5260009765625
1982-12-21,-2.127197265625
1982-12-22,-2.51055908203125
1982-12-23,2.064422607421875
1982-12-24,-1.719879150390625
1982-12-25,-2.48736572265625
1982-12-26,-3.254150390625
1982-12-27,-3.319610595703125
1982-12-28,2.60577392578125
1982-12-29,1.83953857421875
1982-12-30,-0.326507568359375
1982-12-31,0.07867431640625
1983-01-01,-0.194091796875
1983-01-02,1.068145751953125
1983-01-03,-1.941864013671875
1983-01-04,-0.7315673828125
1983-01-05,0.40264892578125
1983-01-06,1.10516357421875
1983-01-07,2.05194091796875
1983-01-08,2.4224853515625
1983-01-09,0.069091796875
1983-01-10,-1.241424560546875
1983-01-11,-0.44354248046875
1983-01-12,0.1544189453125
1983-01-13,-2.368927001953125
1983-01-14,-2.056884765625
1983-01-15,-1.5435791015625
1983-01-16,-1.11383056640625
1983-01-17,-1.166168212890625
1983-01-18,-2.1964111328125
1983-01-19,-2.86163330078125
1983-01-20,-2.95111083984375
1983-01-21,-2.42633056640625
1983-01-22,-0.206268310546875
1983-01-23,-1.49151611328125
1983-01-24,-1.005645751953125
1983-01-25,-0.539581298828125
1983-01-26,2.70318603515625
1983-01-27,4.3687744140625
1983-01-28,5.88018798828125
1983-01-29,4.7183837890625
1983-01-30,2.054931640625
1983-01-31,-0.36273193359375
1983-02-01,-2.16961669921875
1983-02-02,0.11309814453125
1983-02-03,-1.19293212890625
1983-02-04,-3.116851806640625
1983-02-05,-3.5047607421875
1983-02-06,-3.1007080078125
1983-02-07,-2.7259521484375
1983-02-08,-1.49188232421875
1983-02-09,-2.494110107421875
1983-02-10,-1.881591796875
1983-02-11,-1.52166748046875
1983-02-12,-2.21026611328125
1983-02-13,4.0997314453125
1983-02-14,2.394378662109375
1983-02-15,3.094970703125
1983-02-16,2.92041015625
1983-02-17,3.184051513671875
1983-02-18,-0.273956298828125
1983-02-19,1.098541259765625
1983-02-20,0.64080810546875
1983-02-21,0.90155029296875
1983-02-22,1.00299072265625
1983-02-23,0.23358154296875
1983-02-24,3.89801025390625
1983-02-25,1.35675048828125
1983-02-26,0.53448486328125
1983-02-27,-0.3880615234375
1983-02-28,0.818450927734375
1983-03-01,1.0340576171875
1983-03-02,1.56103515625
1983-03-03,-1.80780029296875
1983-03-04,-0.7142333984375
1983-03-05,-3.476470947265625
1983-03-06,-4.121826171875
1983-03-07,-3.101318359375
1983-03-08,-0.237091064453125
1983-03-09,3.15606689453125
1983-03-10,1.3770751953125
1983-03-11,3.2440185546875
1983-03-12,0.870849609375
1983-03-13,0.01153564453125
1983-03-14,-1.31475830078125
1983-03-15,0.29766845703125
1983-03-16,-3.09326171875
1983-03-17,1.31488037109375
1983-03-18,2.194580078125
1983-03-19,4.72296142578125
1983-03-20,2.9925537109375
1983-03-21,-1.49945068359375
1983-03-22,-3.4759521484375
1983-03-23,-1.37188720703125
1983-03-24,-2.98455810546875
1983-03-25,3.438323974609375
1983-03-26,3.15350341796875
1983-03-27,0.90447998046875
1983-03-28,-1.2255859375
1983-03-29,0.74151611328125
1983-03-30,-1.936309814453125
1983-03-31,-0.591583251953125
1983-04-01,-5.752960205078125
1983-04-02,-0.70538330078125
1983-04-03,-2.08953857421875
1983-04-04,-1.0078125
1983-04-05,-0.96820068359375
1983-04-06,-0.29718017578125
1983-04-07,2.351806640625
1983-04-08,-1.2822265625
1983-04-09,-0.887451171875
1983-04-10,0.056884765625
1983-04-11,-3.984649658203125
1983-04-12,0.8870849609375
1983-04-13,-3.3238525390625
1983-04-14,-2.712554931640625
1983-04-15,-1.389617919921875
1983-04-16,-0.7987060546875
1983-04-17,-0.34088134765625
1983-04-18,-0.98443603515625
1983-04-19,-1.907012939453125
1983-04-20,-0.74005126953125
1983-04-21,-0.341522216796875
1983-04-22,0.183624267578125
1983-04-23,1.82513427734375
1983-04-24,1.584564208984375
1983-04-25,3.0242919921875
1983-04-26,3.918212890625
1983-04-27,5.120819091796875
1983-04-28,5.214599609375
1983-04-29,2.38177490234375
1983-04-30,3.10614013671875
1983-05-01,-1.209869384765625
1983-05-02,-4.691192626953125
1983-05-03,-6.121795654296875
1983-05-04,-3.177093505859375
1983-05-05,0.263519287109375
1983-05-06,-0.948760986328125
1983-05-07,-1.105987548828125
1983-05-08,-1.0106201171875
1983-05-09,-0.95062255859375
1983-05-10,1.313690185546875
1983-05-11,-0.50238037109375
1983-05-12,-2.141754150390625
1983-05-13,1.172088623046875
1983-05-14,1.523773193359375
1983-05-15,0.251373291015625
1983-05-16,0.948638916015625
1983-05-17,2.078277587890625
1983-05-18,2.824676513671875
1983-05-19,0.626678466796875
1983-05-20,2.262237548828125
1983-05-21,1.745941162109375
1983-05-22,-0.058990478515625
1983-05-23,-0.272186279296875
1983-05-24,0.197723388671875
1983-05-25,-0.7672119140625
1983-05-26,1.014892578125
1983-05-27,1.514556884765625
1983-05-28,1.4305419921875
1983-05-29,2.324310302734375
1983-05-30,-1.157257080078125
1983-05-31,2.638519287109375
1983-06-01,0.899078369140625
1983-06-02,-1.09912109375
1983-06-03,-1.097198486328125
1983-06-04,0.7825927734375
1983-06-05,-0.49017333984375
1983-06-06,-0.889617919921875
1983-06-07,1.25714111328125
1983-06-08,1.573333740234375
1983-06-09,-1.20458984375
1983-06-10,-1.415557861328125
1983-06-11,-3.681854248046875
1983-06-12,-2.167572021484375
1983-06-13,-1.522735595703125
1983-06-14,-0.790679931640625
1983-06-15,0.67913818359375
1983-06-16,0.668365478515625
1983-06-17,-1.105194091796875
1983-06-18,-0.825042724609375
1983-06-19,-0.23504638671875
1983-06-20,-1.360443115234375
1983-06-21,1.815521240234375
1983-06-22,3.25701904296875
1983-06-23,3.276275634765625
1983-06-24,4.250152587890625
1983-06-25,-0.5107421875
1983-06-26,-0.649261474609375
1983-06-27,-0.16119384765625
1983-06-28,0.130035400390625
1983-06-29,-0.20751953125
1983-06-30,0.512603759765625
1983-07-01,1.259735107421875
1983-07-02,1.894775390625
1983-07-03,-1.75177001953125
1983-07-04,-0.434417724609375
1983-07-05,-1.268646240234375
1983-07-06,-0.132476806640625
1983-07-07,-0.753143310546875
1983-07-08,-0.41485595703125
1983-07-09,0.284332275390625
1983-07-10,2.18621826171875
1983-07-11,0.776153564453125
1983-07-12,-0.067291259765625
1983-07-13,1.1075439453125
1983-07-14,1.108978271484375
1983-07-15,2.487152099609375
1983-07-16,2.327850341796875
1983-07-17,0.749359130859375
1983-07-18,-0.051544189453125
1983-07-19,0.752288818359375
1983-07-20,0.431243896484375
1983-07-21,-0.14398193359375
1983-07-22,0.612884521484375
1983-07-23,0.33294677734375
1983-07-24,0.346954345703125
1983-07-25,-1.240814208984375
1983-07-26,-1.403778076171875
1983-07-27,-1.990142822265625
1983-07-28,-1.79779052734375
1983-07-29,-2.724853515625
1983-07-30,-2.360504150390625
1983-07-31,-0.0128173828125
1983-08-01,1.597259521484375
1983-08-02,0.309173583984375
1983-08-03,0.502685546875
1983-08-04,0.792327880859375
1983-08-05,0.312286376953125
1983-08-06,-0.48236083984375
1983-08-07,-0.52838134765625
1983-08-08,0.371978759765625
1983-08-09,0.639373779296875
1983-08-10,1.663909912109375
1983-08-11,1.208770751953125
1983-08-12,0.047637939453125
1983-08-13,-0.643646240234375
1983-08-14,0.13677978515625
1983-08-15,-0.559722900390625
1983-08-16,-0.30377197265625
1983-08-17,0.200225830078125
1983-08-18,0.574493408203125
1983-08-19,0.593658447265625
1983-08-20,-0.054046630859375
1983-08-21,0.313629150390625
1983-08-22,0.25787353515625
1983-08-23,-0.823272705078125
1983-08-24,-1.64471435546875
1983-08-25,-1.599884033203125
1983-08-26,-1.9365234375
1983-08-27,-0.833984375
1983-08-28,-0.651123046875
1983-08-29,0.305633544921875
1983-08-30,0.233612060546875
1983-08-31,0.20306396484375
1983-09-01,2.659271240234375
1983-09-02,1.301971435546875
1983-09-03,1.022064208984375
1983-09-04,1.1046142578125
1983-09-05,1.189453125
1983-09-06,0.721771240234375
1983-09-07,0.453399658203125
1983-09-08,0.6898193359375
1983-09-09,1.668212890625
1983-09-10,0.066741943359375
1983-09-11,-0.478485107421875
1983-09-12,-1.2830810546875
1983-09-13,-0.538421630859375
1983-09-14,0.054473876953125
1983-09-15,-0.508758544921875
1983-09-16,0.241485595703125
1983-09-17,0.568084716796875
1983-09-18,0.402923583984375
1983-09-19,0.038177490234375
1983-09-20,-0.982818603515625
1983-09-21,-1.60455322265625
1983-09-22,-0.710662841796875
1983-09-23,-0.644012451171875
1983-09-24,-1.74169921875
1983-09-25,-1.516082763671875
1983-09-26,-0.986663818359375
1983-09-27,-1.4716796875
1983-09-28,-0.447479248046875
1983-09-29,0.266143798828125
1983-09-30,0.434661865234375
1983-10-01,6.844390869140625
1983-10-02,6.838592529296875
1983-10-03,5.749359130859375
1983-10-04,5.1444091796875
1983-10-05,4.254302978515625
1983-10-06,3.620697021484375
1983-10-07,4.579742431640625
1983-10-08,8.250823974609375
1983-10-09,7.59539794921875
1983-10-10,6.513336181640625
1983-10-11,3.1514892578125
1983-10-12,1.716583251953125
1983-10-13,1.728668212890625
1983-10-14,3.974029541015625
1983-10-15,1.430572509765625
1983-10-16,-1.411651611328125
1983-10-17,-2.554107666015625
1983-10-18,-2.705474853515625
1983-10-19,-3.445281982421875
1983-10-20,-2.977935791015625
1983-10-21,-4.20477294921875
1983-10-22,-4.97857666015625
1983-10-23,-2.704498291015625
1983-10-24,-4.4552001953125
1983-10-25,-4.816741943359375
1983-10-26,-5.615386962890625
1983-10-27,-6.284332275390625
1983-10-28,-7.257965087890625
1983-10-29,-7.377593994140625
1983-10-30,-7.038360595703125
1983-10-31,-3.361419677734375
1983-11-01,4.43914794921875
1983-11-02,3.9271240234375
1983-11-03,1.156524658203125
1983-11-04,1.125396728515625
1983-11-05,2.5531005859375
1983-11-06,1.77392578125
1983-11-07,1.85198974609375
1983-11-08,-0.6182861328125
1983-11-09,-1.45806884765625
1983-11-10,-0.8651123046875
1983-11-11,-2.23040771484375
1983-11-12,-1.2554931640625
1983-11-13,0.8525390625
1983-11-14,-0.958740234375
1983-11-15,-0.3656005859375
1983-11-16,0.521484375
1983-11-17,0.35528564453125
1983-11-18,-0.521728515625
1983-11-19,-1.29071044921875
1983-11-20,-1.11016845703125
1983-11-21,-1.619049072265625
1983-11-22,-1.337310791015625
1983-11-23,-0.99517822265625
1983-11-24,-0.1236572265625
1983-11-25,-0.756378173828125
1983-11-26,-1.09490966796875
1983-11-27,-0.833587646484375
1983-11-28,0.05682373046875
1983-11-29,-0.7435302734375
1983-11-30,-0.731689453125
1983-12-01,1.69317626953125
1983-12-02,1.66253662109375
1983-12-03,3.06903076171875
1983-12-04,1.46697998046875
1983-12-05,2.25762939453125
1983-12-06,-0.07354736328125
1983-12-07,0.86376953125
1983-12-08,-0.9013671875
1983-12-09,-1.89483642578125
1983-12-10,-1.160186767578125
1983-12-11,-2.13262939453125
1983-12-12,-2.284881591796875
1983-12-13,0.697784423828125
1983-12-14,-0.64276123046875
1983-12-15,0.32666015625
1983-12-16,0.783599853515625
1983-12-17,2.13055419921875
1983-12-18,0.35943603515625
1983-12-19,4.4381103515625
1983-12-20,2.1956787109375
1983-12-21,1.7529296875
1983-12-22,-0.61651611328125
1983-12-23,-0.322265625
1983-12-24,-1.426055908203125
1983-12-25,3.46099853515625
1983-12-26,0.64739990234375
1983-12-27,-2.403717041015625
1983-12-28,-2.629425048828125
1983-12-29,-3.628753662109375
1983-12-30,-4.360748291015625
1983-12-31,-3.203369140625
